event_lat,event_lng,geohash
41.85,-87.7165,dp3w5f
41.9025001526,-87.7393035889,dp3w7k
39.9704,-87.7036,dp1ekk
41.9202,-87.7535,dp3w7p
41.923645,-86.339031,dp6w7r
41.923737,-88.338915,dp3nmz
41.9699,-87.7603,dp3wfb
41.6989,-88.0789,dp3m5x
41.6989,-88.0789,dp3m5x
41.6989,-88.0789,dp3m5x
40.3542,-87.8651,dp1t8d
45.3542,-87.8651,f01d08
